{
  "name": "GLCM",
  "safe_name": "GLCM",
  "timestamp": "20250925_133309",
  "logger_name": "feature_set_GLCM_20250925_133309",
  "cv_mean": 89.73916544943107,
  "cv_std": 1.210657907789711,
  "top15": [],
  "feature_info": {
    "num_extractors": 1,
    "total_features": 20,
    "extractors": [
      {
        "type": "GLCM",
        "description": "Gray Level Co-occurrence Matrix features",
        "distances": [
          1
        ],
        "angles": [
          0.0,
          0.7853981633974483,
          1.5707963267948966,
          2.356194490192345
        ],
        "levels": 256,
        "num_angles": 4,
        "haralick_features": [
          "contrast",
          "homogeneity",
          "correlation",
          "energy"
        ],
        "extracted_count": 3226,
        "feature_dimension": 20,
        "input_shape": [
          3226,
          256,
          256
        ],
        "output_shape": [
          3226,
          20
        ]
      }
    ]
  },
  "cv_results": {
    "mean_accuracy": 89.73916544943107,
    "std_accuracy": 1.210657907789711,
    "cv_scores": "[90.5204461  88.10408922 89.96282528 91.82156134 89.19925512 88.82681564]",
    "cv_folds": 6,
    "min_accuracy": 88.10408921933085,
    "max_accuracy": 91.82156133828995
  },
  "model_type": "RandomForest",
  "cv_folds": 6
}