{
  "name": "GLCM+LBP",
  "safe_name": "GLCM_LBP",
  "timestamp": "20250925_133309",
  "logger_name": "feature_set_GLCM_LBP_20250925_133309",
  "cv_mean": 91.19661758495843,
  "cv_std": 1.128220007822135,
  "top15": [],
  "feature_info": {
    "num_extractors": 2,
    "total_features": 30,
    "extractors": [
      {
        "type": "GLCM",
        "description": "Gray Level Co-occurrence Matrix features",
        "distances": [
          1
        ],
        "angles": [
          0.0,
          0.7853981633974483,
          1.5707963267948966,
          2.356194490192345
        ],
        "levels": 256,
        "num_angles": 4,
        "haralick_features": [
          "contrast",
          "homogeneity",
          "correlation",
          "energy"
        ],
        "extracted_count": 3226,
        "feature_dimension": 20,
        "input_shape": [
          3226,
          256,
          256
        ],
        "output_shape": [
          3226,
          20
        ]
      },
      {
        "type": "LBP",
        "description": "Local Binary Pattern histogram features",
        "P": 8,
        "R": 1.0,
        "method": "uniform",
        "bins": 10,
        "feature_dimension": 10,
        "extracted_count": 3226,
        "input_shape": [
          3226,
          256,
          256
        ],
        "output_shape": [
          3226,
          10
        ]
      }
    ]
  },
  "cv_results": {
    "mean_accuracy": 91.19661758495843,
    "std_accuracy": 1.128220007822135,
    "cv_scores": "[93.49442379 90.5204461  90.33457249 90.14869888 91.43389199 91.24767225]",
    "cv_folds": 6,
    "min_accuracy": 90.14869888475836,
    "max_accuracy": 93.49442379182156
  },
  "model_type": "RandomForest",
  "cv_folds": 6
}